{
  "hawor_results": {
    "mpjpe_3d": 9.724058217624409,
    "pck_3d_5mm": 0.11952380952380952,
    "pck_3d_10mm": 0.5714285714285714,
    "pck_3d_15mm": 0.8838095238095238,
    "total_frames": 100,
    "total_joints": 2100
  },
  "arctic_baselines": {
    "ArcticNet-SF": {
      "mpjpe_3d": 8.2,
      "pck_3d_5mm": 0.52,
      "pck_3d_10mm": 0.78,
      "pck_3d_15mm": 0.85
    },
    "ArcticNet-LSTM": {
      "mpjpe_3d": 7.8,
      "pck_3d_5mm": 0.55,
      "pck_3d_10mm": 0.81,
      "pck_3d_15mm": 0.87
    },
    "InterField-SF": {
      "mpjpe_3d": 9.1,
      "pck_3d_5mm": 0.48,
      "pck_3d_10mm": 0.75,
      "pck_3d_15mm": 0.82
    },
    "InterField-LSTM": {
      "mpjpe_3d": 8.7,
      "pck_3d_5mm": 0.5,
      "pck_3d_10mm": 0.77,
      "pck_3d_15mm": 0.84
    }
  },
  "comparison_analysis": {
    "hawor_vs_baselines": {
      "ArcticNet-SF": {
        "mpjpe_3d": {
          "hawor": 9.724058217624409,
          "baseline": 8.2,
          "improvement_pct": -18.58607582468792,
          "better": false
        },
        "pck_3d_5mm": {
          "hawor": 0.11952380952380952,
          "baseline": 0.52,
          "improvement_pct": -77.01465201465201,
          "better": false
        },
        "pck_3d_10mm": {
          "hawor": 0.5714285714285714,
          "baseline": 0.78,
          "improvement_pct": -26.739926739926744,
          "better": false
        },
        "pck_3d_15mm": {
          "hawor": 0.8838095238095238,
          "baseline": 0.85,
          "improvement_pct": 3.9775910364145703,
          "better": true
        }
      },
      "ArcticNet-LSTM": {
        "mpjpe_3d": {
          "hawor": 9.724058217624409,
          "baseline": 7.8,
          "improvement_pct": -24.66741304646678,
          "better": false
        },
        "pck_3d_5mm": {
          "hawor": 0.11952380952380952,
          "baseline": 0.55,
          "improvement_pct": -78.26839826839827,
          "better": false
        },
        "pck_3d_10mm": {
          "hawor": 0.5714285714285714,
          "baseline": 0.81,
          "improvement_pct": -29.45326278659613,
          "better": false
        },
        "pck_3d_15mm": {
          "hawor": 0.8838095238095238,
          "baseline": 0.87,
          "improvement_pct": 1.5873015873015892,
          "better": true
        }
      },
      "InterField-SF": {
        "mpjpe_3d": {
          "hawor": 9.724058217624409,
          "baseline": 9.1,
          "improvement_pct": -6.8577826112572415,
          "better": false
        },
        "pck_3d_5mm": {
          "hawor": 0.11952380952380952,
          "baseline": 0.48,
          "improvement_pct": -75.09920634920636,
          "better": false
        },
        "pck_3d_10mm": {
          "hawor": 0.5714285714285714,
          "baseline": 0.75,
          "improvement_pct": -23.809523809523814,
          "better": false
        },
        "pck_3d_15mm": {
          "hawor": 0.8838095238095238,
          "baseline": 0.82,
          "improvement_pct": 7.781649245063887,
          "better": true
        }
      },
      "InterField-LSTM": {
        "mpjpe_3d": {
          "hawor": 9.724058217624409,
          "baseline": 8.7,
          "improvement_pct": -11.770784110625396,
          "better": false
        },
        "pck_3d_5mm": {
          "hawor": 0.11952380952380952,
          "baseline": 0.5,
          "improvement_pct": -76.09523809523809,
          "better": false
        },
        "pck_3d_10mm": {
          "hawor": 0.5714285714285714,
          "baseline": 0.77,
          "improvement_pct": -25.788497217068652,
          "better": false
        },
        "pck_3d_15mm": {
          "hawor": 0.8838095238095238,
          "baseline": 0.84,
          "improvement_pct": 5.215419501133792,
          "better": true
        }
      }
    },
    "performance_ranking": {
      "mpjpe_3d": [
        {
          "method": "ArcticNet-LSTM",
          "score": 7.8
        },
        {
          "method": "ArcticNet-SF",
          "score": 8.2
        },
        {
          "method": "InterField-LSTM",
          "score": 8.7
        },
        {
          "method": "InterField-SF",
          "score": 9.1
        },
        {
          "method": "HaWoR",
          "score": 9.724058217624409
        }
      ],
      "pck_3d_15mm": [
        {
          "method": "HaWoR",
          "score": 0.8838095238095238
        },
        {
          "method": "ArcticNet-LSTM",
          "score": 0.87
        },
        {
          "method": "ArcticNet-SF",
          "score": 0.85
        },
        {
          "method": "InterField-LSTM",
          "score": 0.84
        },
        {
          "method": "InterField-SF",
          "score": 0.82
        }
      ]
    },
    "improvement_areas": [
      "Performance below most baselines"
    ],
    "strengths": [
      "Good 3D keypoint accuracy (MPJPE < 10mm)",
      "High precision for 15mm threshold"
    ]
  },
  "evaluation_metadata": {
    "total_frames": 100,
    "total_joints_evaluated": 2100,
    "evaluation_time": 0.018119096755981445,
    "timestamp": "2025-09-18 21:12:21"
  }
}